t2c_delay,alpha,noise,t2c_liti,t2c_siti
1.0,0.01,3.4100000000000001,0.56134322059444142,0.26599143907879663
1.0,0.01,4.5099999999999998,0.50910891089108912,0.30587458745874591
1.0,0.91000000000000003,0.21000000000000002,0.67034925160370629,0.44939415538132571
1.0,0.01,0.01,0.37247714725314512,0.20979274142456331
1.0,0.01,0.11,0.32372061195561858,0.2354465027616208
1.0,0.01,0.21000000000000002,0.37789757412398917,0.25649595687331533
1.0,0.01,0.31000000000000005,0.39869033445178048,0.27248619980517375
1.0,0.01,0.41000000000000003,0.35748245415440338,0.27880914647951094
1.0,0.01,0.51000000000000001,0.3210351628264948,0.20380970705661647
1.0,0.01,0.6100000000000001,0.39388312397596947,0.25068268705625341
1.0,0.01,0.71000000000000008,0.36084823861665755,0.24921964029133425
1.0,0.01,0.81000000000000005,0.46904326270436164,0.31181018709791652
1.0,0.01,0.91000000000000003,0.26218951241950322,0.20929162833486661
1.0,0.01,1.01,0.44391326617722382,0.26179500313015763
1.0,0.01,1.1100000000000001,0.41913513513513517,0.27708108108108109
1.0,0.01,1.2100000000000002,0.36140970105353226,0.2694796513182523
1.0,0.01,1.3100000000000001,0.33339184622811252,0.25141528064247159
1.0,0.01,1.4100000000000001,0.3506779227423894,0.27362496802251213
1.0,0.01,1.51,0.37170324139319505,0.25281860277833701
1.0,0.01,1.6100000000000001,0.37269938650306744,0.28386031146767338
1.0,0.01,1.7100000000000002,0.31335830212234711,0.21946704550346549
1.0,0.01,1.8100000000000001,0.44444444444444448,0.27168990059408271
1.0,0.01,1.9100000000000001,0.364216211183016,0.2381395781926533
1.0,0.01,2.0099999999999998,0.37156038886142695,0.30773878178722469
1.0,0.01,2.1099999999999999,0.32428585452046721,0.25154608815156571
1.0,0.01,2.21,0.30119042147354874,0.20099278393160822
1.0,0.01,2.3100000000000001,0.35277301315037168,0.25004764627406134
1.0,0.01,2.4100000000000001,0.33668984938345348,0.20284166062209327
1.0,0.01,2.5099999999999998,0.42851356824625353,0.258982815483423
1.0,0.01,2.6099999999999999,0.41098646813219986,0.27189496453543943
1.0,0.01,2.71,0.40226070226070221,0.24555074555074552
1.0,0.01,2.8100000000000001,0.41648079306071867,0.28990086741016108
1.0,0.01,2.9100000000000001,0.45799610695625448,0.27825017928490936
1.0,0.01,3.0099999999999998,0.43192730652072897,0.24606329702101296
1.0,0.01,3.1099999999999999,0.45323356493853556,0.30690658590177566
1.0,0.01,3.21,0.4609812120855174,0.29931091348135935
1.0,0.01,3.3100000000000001,0.43893744250229993,0.3054852805887765
1.0,0.01,3.5099999999999998,0.51513604201619378,0.32919979575461378
1.0,0.01,3.6099999999999999,0.52111672111672114,0.36049896049896052
1.0,0.01,3.71,0.37704592798333497,0.27770062493800218
1.0,0.01,3.8100000000000001,0.39399025446670277,0.29220357336220898
1.0,0.01,3.9100000000000001,0.447396449704142,0.34585798816568047
1.0,0.01,4.0099999999999998,0.47478404471544716,0.34114583333333337
1.0,0.01,4.1100000000000003,0.42696381288614299,0.24591791703442187
1.0,0.01,4.21,0.41260372037529153,0.25858235262215956
1.0,0.01,4.3099999999999996,0.34964671654197838,0.2490648379052369
1.0,0.01,4.4100000000000001,0.39737991266375544,0.29356622998544396
1.0,0.01,4.6100000000000003,0.48306746861924682,0.35917887029288698
1.0,0.01,4.71,0.46756119138897084,0.38521085225597174
1.0,0.01,4.8100000000000005,0.5535578819602488,0.38825671370050069
1.0,0.01,4.9100000000000001,0.40019874130506788,0.32553825770122558
1.0,0.11,0.01,0.41747181964573271,0.2733494363929147
1.0,0.11,0.11,0.40484048404840489,0.28520352035203517
1.0,0.11,0.21000000000000002,0.4044450541912471,0.27287693785155714
1.0,0.11,0.31000000000000005,0.40015847860538828,0.27390385631273112
1.0,0.11,0.41000000000000003,0.43162522741055187,0.31731352334748336
1.0,0.11,0.51000000000000001,0.39453408925715944,0.28754179386538742
1.0,0.11,0.6100000000000001,0.39318442153493699,0.30483963344788084
1.0,0.11,0.71000000000000008,0.39357069672131151,0.27868852459016397
1.0,0.11,0.81000000000000005,0.41391834955687923,0.30088624146447773
1.0,0.11,0.91000000000000003,0.41122913505311076,0.31456752655538694
1.0,0.11,1.01,0.38454092920353983,0.2988108407079646
1.0,0.11,1.1100000000000001,0.45414915148684415,0.35154912034874664
1.0,0.11,1.2100000000000002,0.46474538332400667,0.3055400111919418
1.0,0.11,1.3100000000000001,0.39513134369412739,0.30009627286480545
1.0,0.11,1.4100000000000001,0.46588778306649353,0.31169767777296986
1.0,0.11,1.51,0.36213187385978629,0.28472765181131093
1.0,0.11,1.6100000000000001,0.41700847689362863,0.28684714246650261
1.0,0.11,1.7100000000000002,0.52624333161245906,0.35450008604371025
1.0,0.11,1.8100000000000001,0.42407166594422779,0.31585031064875019
1.0,0.11,1.9100000000000001,0.42671835395855084,0.34799463247353513
1.0,0.11,2.0099999999999998,0.36322188449848025,0.32535460992907805
1.0,0.11,2.1099999999999999,0.40345625255136752,0.32371751258674653
1.0,0.11,2.21,0.35579700178792467,0.31164901664145239
1.0,0.11,2.3100000000000001,0.41682083392628433,0.31563967553721362
1.0,0.11,2.4100000000000001,0.43499567598731625,0.31940040357451716
1.0,0.11,2.5099999999999998,0.37854053299846518,0.3125436026231338
1.0,0.11,2.6099999999999999,0.43454920853406742,0.30323468685478322
1.0,0.11,2.71,0.38292488012786363,0.26638252530633993
1.0,0.11,2.8100000000000001,0.45275056518462703,0.33790504898266771
1.0,0.11,2.9100000000000001,0.39472965592572368,0.27621518296013109
1.0,0.11,3.0099999999999998,0.37673353978726271,0.29944796014541536
1.0,0.11,3.1099999999999999,0.4383983572895277,0.30228806101496036
1.0,0.11,3.21,0.37643998513563731,0.25232255667038278
1.0,0.11,3.3100000000000001,0.53527397260273979,0.364041095890411
1.0,0.11,3.4100000000000001,0.41550007216048485,0.32573242892192233
1.0,0.11,3.5099999999999998,0.35763097949886108,0.33136808254053335
1.0,0.11,3.6099999999999999,0.41041723479683667,0.31647122988819198
1.0,0.11,3.71,0.40481729848090875,0.31298754618858632
1.0,0.11,3.8100000000000001,0.43097538173885941,0.3242443128700529
1.0,0.11,3.9100000000000001,0.36462491397109426,0.33214039917412247
1.0,0.11,4.0099999999999998,0.48111025443330768,0.36669236700077107
1.0,0.11,4.1100000000000003,0.45753751705320594,0.37534106412005458
1.0,0.11,4.21,0.44345154984641161,0.33901144931583355
1.0,0.11,4.3099999999999996,0.37900110375275936,0.28904525386313462
1.0,0.11,4.4100000000000001,0.39195781147000663,0.28266315095583394
1.0,0.11,4.5099999999999998,0.47440519105984141,0.3299206921413122
1.0,0.11,4.6100000000000003,0.40683946261365178,0.30153345094314016
1.0,0.11,4.71,0.38931297709923668,0.26653944020356235
1.0,0.11,4.8100000000000005,0.38383575883575888,0.31029106029106029
1.0,0.11,4.9100000000000001,0.44935936546674804,0.32489322757779132
1.0,0.21000000000000002,0.01,0.39099526066350715,0.26919431279620853
1.0,0.21000000000000002,0.11,0.46575069693349264,0.35225009956192754
1.0,0.21000000000000002,0.21000000000000002,0.36974789915966388,0.29873125720876587
1.0,0.21000000000000002,0.31000000000000005,0.37676950998185121,0.31288566243194188
1.0,0.21000000000000002,0.41000000000000003,0.39400535833891498,0.28683858004018753
1.0,0.21000000000000002,0.51000000000000001,0.39000351988736359,0.31027807110172473
1.0,0.21000000000000002,0.6100000000000001,0.4100681699003671,0.2777486453417235
1.0,0.21000000000000002,0.71000000000000008,0.37278202832492263,0.28650496500081396
1.0,0.21000000000000002,0.81000000000000005,0.40572878897751996,0.32632342277012327
1.0,0.21000000000000002,0.91000000000000003,0.40545454545454546,0.30436363636363634
1.0,0.21000000000000002,1.01,0.43641456582633059,0.3079365079365079
1.0,0.21000000000000002,1.1100000000000001,0.39343983684568318,0.29945615227736233
1.0,0.21000000000000002,1.2100000000000002,0.45597362296353766,0.35473235065942588
1.0,0.21000000000000002,1.3100000000000001,0.42721518987341772,0.30362165963431786
1.0,0.21000000000000002,1.4100000000000001,0.48975939550606479,0.37422946907933985
1.0,0.21000000000000002,1.51,0.42207677339465771,0.33911197594197773
1.0,0.21000000000000002,1.6100000000000001,0.39736886490133244,0.30376117389104407
1.0,0.21000000000000002,1.7100000000000002,0.42768037761294675,0.31928523263654757
1.0,0.21000000000000002,1.8100000000000001,0.44669015390320788,0.36195067680326348
1.0,0.21000000000000002,1.9100000000000001,0.44970638378480771,0.34211024815305929
1.0,0.21000000000000002,2.0099999999999998,0.42526555386949927,0.35204855842185129
1.0,0.21000000000000002,2.1099999999999999,0.36420909245700667,0.34496849991486467
1.0,0.21000000000000002,2.21,0.38027675599929933,0.31897004729374673
1.0,0.21000000000000002,2.3100000000000001,0.34122224023342523,0.29940022694115737
1.0,0.21000000000000002,2.4100000000000001,0.41426760818395802,0.34600760456273766
1.0,0.21000000000000002,2.5099999999999998,0.36800130208333331,0.30485026041666669
1.0,0.21000000000000002,2.6099999999999999,0.3611881834503019,0.29622980251346498
1.0,0.21000000000000002,2.71,0.37819253438113953,0.28388998035363461
1.0,0.21000000000000002,2.8100000000000001,0.4320761625778104,0.35792749908458443
1.0,0.21000000000000002,2.9100000000000001,0.38203957382039572,0.27975646879756466
1.0,0.21000000000000002,3.0099999999999998,0.46806264297026223,0.30353686433221888
1.0,0.21000000000000002,3.1099999999999999,0.40484429065743943,0.32975778546712803
1.0,0.21000000000000002,3.21,0.44679665738161556,0.33797585886722376
1.0,0.21000000000000002,3.3100000000000001,0.3841158841158841,0.28704628704628699
1.0,0.21000000000000002,3.4100000000000001,0.46890909090909089,0.33163636363636362
1.0,0.21000000000000002,3.5099999999999998,0.42428914011647823,0.30866735183281946
1.0,0.21000000000000002,3.6099999999999999,0.38100033568311514,0.31570996978851962
1.0,0.21000000000000002,3.71,0.38401227202999832,0.35401397647860916
1.0,0.21000000000000002,3.8100000000000001,0.46128722382324694,0.36330451488952931
1.0,0.21000000000000002,3.9100000000000001,0.47477409638554219,0.37895331325301207
1.0,0.21000000000000002,4.0099999999999998,0.42451891174518913,0.30159256801592566
1.0,0.21000000000000002,4.1100000000000003,0.45966263292995968,0.34030069673634028
1.0,0.21000000000000002,4.21,0.47208619000979435,0.36180215475024485
1.0,0.21000000000000002,4.3099999999999996,0.35561702781619797,0.28769017980636241
1.0,0.21000000000000002,4.4100000000000001,0.4603647190174916,0.34164495720133975
1.0,0.21000000000000002,4.5099999999999998,0.43353557639271922,0.31733774590917452
1.0,0.21000000000000002,4.6100000000000003,0.40325313453066758,0.3134530667570315
1.0,0.21000000000000002,4.71,0.42145741203614695,0.37127475485483558
1.0,0.21000000000000002,4.8100000000000005,0.40650109569028492,0.35792549306062821
1.0,0.21000000000000002,4.9100000000000001,0.42429164410756187,0.33297238765565784
1.0,0.31000000000000005,0.01,0.37104976389393385,0.28605158009444243
1.0,0.31000000000000005,0.11,0.50999091734786561,0.36012715712988191
1.0,0.31000000000000005,0.21000000000000002,0.40581989775855293,0.3295320487613056
1.0,0.31000000000000005,0.31000000000000005,0.45634582623509368,0.34689097103918226
1.0,0.31000000000000005,0.41000000000000003,0.459689753113393,0.35569150098317676
1.0,0.31000000000000005,0.51000000000000001,0.41812524309607157,0.33936211590820692
1.0,0.31000000000000005,0.6100000000000001,0.39909874608150475,0.32836990595611287
1.0,0.31000000000000005,0.71000000000000008,0.40202300674335578,0.32506941689805635
1.0,0.31000000000000005,0.81000000000000005,0.45419766206163659,0.34346439957492031
1.0,0.31000000000000005,0.91000000000000003,0.40311347808275294,0.34268742318721834
1.0,0.31000000000000005,1.01,0.45816326530612245,0.33469387755102037
1.0,0.31000000000000005,1.1100000000000001,0.40742226680040117,0.33721163490471412
1.0,0.31000000000000005,1.2100000000000002,0.49617967122018986,0.38758971984255614
1.0,0.31000000000000005,1.3100000000000001,0.43201846412085609,0.34011749895090226
1.0,0.31000000000000005,1.4100000000000001,0.41925281676220594,0.32496540818343544
1.0,0.31000000000000005,1.51,0.4603625245686831,0.38589211618257263
1.0,0.31000000000000005,1.6100000000000001,0.4588310580204778,0.37286689419795221
1.0,0.31000000000000005,1.7100000000000002,0.46876346402412755,0.35631193451098664
1.0,0.31000000000000005,1.8100000000000001,0.41791044776119401,0.31932927952828444
1.0,0.31000000000000005,1.9100000000000001,0.44862665310274674,0.34079348931841302
1.0,0.31000000000000005,2.0099999999999998,0.41152182461659459,0.34290208415257573
1.0,0.31000000000000005,2.1099999999999999,0.45243902439024392,0.33414634146341465
1.0,0.31000000000000005,2.21,0.38344988344988346,0.32226107226107226
1.0,0.31000000000000005,2.3100000000000001,0.40649474689589304,0.34173829990448901
1.0,0.31000000000000005,2.4100000000000001,0.42676547515257185,0.35876198779424584
1.0,0.31000000000000005,2.5099999999999998,0.46202531645569622,0.35464862505456135
1.0,0.31000000000000005,2.6099999999999999,0.46051786860689065,0.33511662743419646
1.0,0.31000000000000005,2.71,0.48815060908084162,0.37320044296788485
1.0,0.31000000000000005,2.8100000000000001,0.4831460674157303,0.33791094465251764
1.0,0.31000000000000005,2.9100000000000001,0.45385249278945206,0.35620107128141737
1.0,0.31000000000000005,3.0099999999999998,0.49469557195571956,0.38630073800738007
1.0,0.31000000000000005,3.1099999999999999,0.43497382198952877,0.33989528795811519
1.0,0.31000000000000005,3.21,0.433399209486166,0.33636363636363636
1.0,0.31000000000000005,3.3100000000000001,0.41887842465753428,0.36622431506849312
1.0,0.31000000000000005,3.4100000000000001,0.41906361536846526,0.36825530128070538
1.0,0.31000000000000005,3.5099999999999998,0.41479773632362188,0.33955145671766923
1.0,0.31000000000000005,3.6099999999999999,0.46123778501628665,0.3745928338762215
1.0,0.31000000000000005,3.71,0.40095817210245072,0.29555924083287266
1.0,0.31000000000000005,3.8100000000000001,0.4429099397004474,0.30577708617000587
1.0,0.31000000000000005,3.9100000000000001,0.43610713555510122,0.33122060928235536
1.0,0.31000000000000005,4.0099999999999998,0.42979552093476142,0.34255111976630964
1.0,0.31000000000000005,4.1100000000000003,0.4209230769230769,0.3378461538461538
1.0,0.31000000000000005,4.21,0.48104712041884812,0.35727748691099476
1.0,0.31000000000000005,4.3099999999999996,0.4113272311212815,0.33218916857360797
1.0,0.31000000000000005,4.4100000000000001,0.44654471544715441,0.35081300813008132
1.0,0.31000000000000005,4.5099999999999998,0.43126408522843679,0.34193812743290308
1.0,0.31000000000000005,4.6100000000000003,0.45417515274949083,0.33604887983706722
1.0,0.31000000000000005,4.71,0.49624060150375943,0.36665192392746571
1.0,0.31000000000000005,4.8100000000000005,0.460285941223193,0.32486100079428115
1.0,0.31000000000000005,4.9100000000000001,0.40334609957669826,0.33985083652489417
1.0,0.41000000000000003,0.01,0.43455233291298867,0.3747793190416141
1.0,0.41000000000000003,0.11,0.47106031128404674,0.37013618677042803
1.0,0.41000000000000003,0.21000000000000002,0.42045956694653119,0.34865223155103847
1.0,0.41000000000000003,0.31000000000000005,0.49029126213592228,0.36674757281553394
1.0,0.41000000000000003,0.41000000000000003,0.50916855061542321,0.37603617181612659
1.0,0.41000000000000003,0.51000000000000001,0.47753218362885597,0.37770221034734031
1.0,0.41000000000000003,0.6100000000000001,0.4871159563924678,0.37537165510406345
1.0,0.41000000000000003,0.71000000000000008,0.38379323746599298,0.30878352118150021
1.0,0.41000000000000003,0.81000000000000005,0.45624845945279768,0.37909785555829434
1.0,0.41000000000000003,0.91000000000000003,0.4090228779131922,0.33247808424203551
1.0,0.41000000000000003,1.01,0.42575379732486968,0.34686012242121972
1.0,0.41000000000000003,1.1100000000000001,0.4421171171171171,0.34752252252252253
1.0,0.41000000000000003,1.2100000000000002,0.46074703645716847,0.35338850369044955
1.0,0.41000000000000003,1.3100000000000001,0.44862036156041862,0.38273073263558516
1.0,0.41000000000000003,1.4100000000000001,0.43867603717977788,0.36499659941056456
1.0,0.41000000000000003,1.51,0.43444671665530565,0.37059759145648713
1.0,0.41000000000000003,1.6100000000000001,0.47060212514757965,0.3997638724911452
1.0,0.41000000000000003,1.7100000000000002,0.41471354166666669,0.3244357638888889
1.0,0.41000000000000003,1.8100000000000001,0.45832371276841377,0.35765412145001152
1.0,0.41000000000000003,1.9100000000000001,0.48642153328526794,0.3773131458783946
1.0,0.41000000000000003,2.0099999999999998,0.47402287893231648,0.38036224976167782
1.0,0.41000000000000003,2.1099999999999999,0.40935919055649245,0.34274873524451943
1.0,0.41000000000000003,2.21,0.49691040164778577,0.3859423274974253
1.0,0.41000000000000003,2.3100000000000001,0.47299813780260708,0.45411013567438147
1.0,0.41000000000000003,2.4100000000000001,0.43467761410287376,0.36923448442405216
1.0,0.41000000000000003,2.5099999999999998,0.44598802395209586,0.41125748502994014
1.0,0.41000000000000003,2.6099999999999999,0.40546650226058367,0.35121249486230993
1.0,0.41000000000000003,2.71,0.37536112257531989,0.31489888567891045
1.0,0.41000000000000003,2.8100000000000001,0.45871132821586413,0.34984880204698765
1.0,0.41000000000000003,2.9100000000000001,0.38837658159982841,0.33283294016727427
1.0,0.41000000000000003,3.0099999999999998,0.43758765778401121,0.38873305282842446
1.0,0.41000000000000003,3.1099999999999999,0.46688058675223471,0.35457254182901671
1.0,0.41000000000000003,3.21,0.46129270090931435,0.38436962398623742
1.0,0.41000000000000003,3.3100000000000001,0.41145724440727577,0.3343090110809116
1.0,0.41000000000000003,3.4100000000000001,0.43097949886104792,0.35011389521640091
1.0,0.41000000000000003,3.5099999999999998,0.466508875739645,0.37278106508875741
1.0,0.41000000000000003,3.6099999999999999,0.48694123556002011,0.38849824208940231
1.0,0.41000000000000003,3.71,0.45366304599029345,0.37138895308527847
1.0,0.41000000000000003,3.8100000000000001,0.52100840336134457,0.38943577430972387
1.0,0.41000000000000003,3.9100000000000001,0.4711743772241993,0.37864768683274025
1.0,0.41000000000000003,4.0099999999999998,0.43783406925400881,0.38159423657913089
1.0,0.41000000000000003,4.1100000000000003,0.48874204601076848,0.3825256975036711
1.0,0.41000000000000003,4.21,0.44540768509840678,0.37394564198687913
1.0,0.41000000000000003,4.3099999999999996,0.45050962627406571,0.3447338618346546
1.0,0.41000000000000003,4.4100000000000001,0.44162790697674414,0.39395348837209304
1.0,0.41000000000000003,4.5099999999999998,0.43635607321131448,0.34151414309484196
1.0,0.41000000000000003,4.6100000000000003,0.50631748219618655,0.35699517574086836
1.0,0.41000000000000003,4.71,0.46239554317548753,0.37534818941504183
1.0,0.41000000000000003,4.8100000000000005,0.48137867221836689,0.38260467268100856
1.0,0.41000000000000003,4.9100000000000001,0.50494804552201877,0.39683325086590793
1.0,0.51000000000000001,0.01,0.40900692840646657,0.28337182448036952
1.0,0.51000000000000001,0.11,0.46290115532734272,0.34428754813863927
1.0,0.51000000000000001,0.21000000000000002,0.47292993630573249,0.36385350318471338
1.0,0.51000000000000001,0.31000000000000005,0.47393364928909959,0.37019483938915221
1.0,0.51000000000000001,0.41000000000000003,0.42827151854443668,0.32353627245159783
1.0,0.51000000000000001,0.51000000000000001,0.48764498234997483,0.36661623802319721
1.0,0.51000000000000001,0.6100000000000001,0.44151606425702805,0.36320281124497988
1.0,0.51000000000000001,0.71000000000000008,0.45202143205065753,0.35021919142717972
1.0,0.51000000000000001,0.81000000000000005,0.50322399775721893,0.40173815531258761
1.0,0.51000000000000001,0.91000000000000003,0.45615894039735094,0.39655629139072851
1.0,0.51000000000000001,1.01,0.48641722193746795,0.37903639159405428
1.0,0.51000000000000001,1.1100000000000001,0.45333003218618467,0.38177766773953947
1.0,0.51000000000000001,1.2100000000000002,0.49694230257910132,0.41770805636798725
1.0,0.51000000000000001,1.3100000000000001,0.45143291909713418,0.37484149125031702
1.0,0.51000000000000001,1.4100000000000001,0.44119795471146822,0.36815193571950328
1.0,0.51000000000000001,1.51,0.4536834427425237,0.38220277169948941
1.0,0.51000000000000001,1.6100000000000001,0.44352884149297145,0.3851187590887058
1.0,0.51000000000000001,1.7100000000000002,0.47740855845087254,0.35787712168300267
1.0,0.51000000000000001,1.8100000000000001,0.44197654105315698,0.3768405290741203
1.0,0.51000000000000001,1.9100000000000001,0.46387541485830996,0.39417921878989021
1.0,0.51000000000000001,2.0099999999999998,0.4280107922492028,0.37503065979887168
1.0,0.51000000000000001,2.1099999999999999,0.49059104161144984,0.3925258415054334
1.0,0.51000000000000001,2.21,0.43912077056063226,0.39466534946900467
1.0,0.51000000000000001,2.3100000000000001,0.44541260891850326,0.37570476678626341
1.0,0.51000000000000001,2.4100000000000001,0.46706730769230764,0.33028846153846153
1.0,0.51000000000000001,2.5099999999999998,0.48017736045905057,0.39697443922796033
1.0,0.51000000000000001,2.6099999999999999,0.5175619834710744,0.35847107438016534
1.0,0.51000000000000001,2.71,0.46294919454770755,0.3558859975216852
1.0,0.51000000000000001,2.8100000000000001,0.43011268280987774,0.37113402061855671
1.0,0.51000000000000001,2.9100000000000001,0.43630186847852465,0.36859985440427079
1.0,0.51000000000000001,3.0099999999999998,0.42069450961989679,0.3589863913655561
1.0,0.51000000000000001,3.1099999999999999,0.44615384615384612,0.35384615384615381
1.0,0.51000000000000001,3.21,0.43678435114503811,0.37810114503816794
1.0,0.51000000000000001,3.3100000000000001,0.39601268690530134,0.33869506116900766
1.0,0.51000000000000001,3.4100000000000001,0.43197199533255543,0.35472578763127183
1.0,0.51000000000000001,3.5099999999999998,0.42058216823286732,0.32844373137749255
1.0,0.51000000000000001,3.6099999999999999,0.48025477707006375,0.39694267515923565
1.0,0.51000000000000001,3.71,0.50729335494327388,0.38222582387898429
1.0,0.51000000000000001,3.8100000000000001,0.46854345165238676,0.36303549571603427
1.0,0.51000000000000001,3.9100000000000001,0.41129411764705881,0.35200000000000004
1.0,0.51000000000000001,4.0099999999999998,0.43870967741935485,0.33041474654377884
1.0,0.51000000000000001,4.1100000000000003,0.49549781322356579,0.37972729611525602
1.0,0.51000000000000001,4.21,0.41774491682070236,0.34357670979667282
1.0,0.51000000000000001,4.3099999999999996,0.48356445814072929,0.38418079096045205
1.0,0.51000000000000001,4.4100000000000001,0.47870182555780932,0.39655172413793105
1.0,0.51000000000000001,4.5099999999999998,0.43917274939172751,0.35060827250608273
1.0,0.51000000000000001,4.6100000000000003,0.48968937614199948,0.39963456016705817
1.0,0.51000000000000001,4.71,0.50215982721382291,0.40064794816414689
1.0,0.51000000000000001,4.8100000000000005,0.47950277704311023,0.38376090981221894
1.0,0.51000000000000001,4.9100000000000001,0.48959740610645774,0.39827073763847609
1.0,0.6100000000000001,0.01,0.48117746957260121,0.33965468440418911
1.0,0.6100000000000001,0.11,0.46548672566371685,0.31934260429835654
1.0,0.6100000000000001,0.21000000000000002,0.4934926958831341,0.36201859229747679
1.0,0.6100000000000001,0.31000000000000005,0.4912814835316911,0.38057016329919729
1.0,0.6100000000000001,0.41000000000000003,0.61830357142857151,0.48405612244897961
1.0,0.6100000000000001,0.51000000000000001,0.50185979971387695,0.40171673819742482
1.0,0.6100000000000001,0.6100000000000001,0.48963526633429549,0.36683285226974549
1.0,0.6100000000000001,0.71000000000000008,0.49810195227765725,0.40699566160520606
1.0,0.6100000000000001,0.81000000000000005,0.46122225267196487,0.4044943820224719
1.0,0.6100000000000001,0.91000000000000003,0.47008985879332471,0.36020539152759945
1.0,0.6100000000000001,1.01,0.4431729518855656,0.39791937581274384
1.0,0.6100000000000001,1.1100000000000001,0.49175176747839755,0.37994239329667456
1.0,0.6100000000000001,1.2100000000000002,0.4611638041527813,0.36862342988977187
1.0,0.6100000000000001,1.3100000000000001,0.48017852454712517,0.36072459963244946
1.0,0.6100000000000001,1.4100000000000001,0.51794430089003729,0.3973585989089865
1.0,0.6100000000000001,1.51,0.43979057591623033,0.37068062827225129
1.0,0.6100000000000001,1.6100000000000001,0.45267287886218738,0.34870034330554195
1.0,0.6100000000000001,1.7100000000000002,0.5022148394241418,0.3906423034330011
1.0,0.6100000000000001,1.8100000000000001,0.44359110169491528,0.38135593220338987
1.0,0.6100000000000001,1.9100000000000001,0.49067631505705533,0.40356248260506539
1.0,0.6100000000000001,2.0099999999999998,0.49358449358449352,0.41332241332241332
1.0,0.6100000000000001,2.1099999999999999,0.5107954545454545,0.41136363636363632
1.0,0.6100000000000001,2.21,0.48055242390078923,0.40811724915445324
1.0,0.6100000000000001,2.3100000000000001,0.42755751346059712,0.3624571708272149
1.0,0.6100000000000001,2.4100000000000001,0.52181115405853118,0.3928768636112645
1.0,0.6100000000000001,2.5099999999999998,0.51243493348756508,0.4175824175824176
1.0,0.6100000000000001,2.6099999999999999,0.44698763483293869,0.38858195211786373
1.0,0.6100000000000001,2.71,0.50557724484104849,0.40909090909090912
1.0,0.6100000000000001,2.8100000000000001,0.49871904355251917,0.42527754056362077
1.0,0.6100000000000001,2.9100000000000001,0.44233687405159328,0.36014162873039962
1.0,0.6100000000000001,3.0099999999999998,0.43224181360201508,0.37027707808564225
1.0,0.6100000000000001,3.1099999999999999,0.51112898900509518,0.3821399839098954
1.0,0.6100000000000001,3.21,0.51890443584400114,0.41857695742780587
1.0,0.6100000000000001,3.3100000000000001,0.5550834597875568,0.45827010622154774
1.0,0.6100000000000001,3.4100000000000001,0.41417633983699675,0.36601630032106691
1.0,0.6100000000000001,3.5099999999999998,0.49931525609422078,0.39687756778964672
1.0,0.6100000000000001,3.6099999999999999,0.47300439163006969,0.37122190648411263
1.0,0.6100000000000001,3.71,0.48008141901715617,0.43093922651933703
1.0,0.6100000000000001,3.8100000000000001,0.50068889501240021,0.41967484155414719
1.0,0.6100000000000001,3.9100000000000001,0.45793914599846586,0.39273843006903603
1.0,0.6100000000000001,4.0099999999999998,0.50793650793650802,0.41439909297052152
1.0,0.6100000000000001,4.1100000000000003,0.48662663755458507,0.37390829694323141
1.0,0.6100000000000001,4.21,0.51850805312235093,0.40209098615428085
1.0,0.6100000000000001,4.3099999999999996,0.43963321446765163,0.37773815588385129
1.0,0.6100000000000001,4.4100000000000001,0.47209612817089447,0.3727636849132176
1.0,0.6100000000000001,4.5099999999999998,0.474462740720067,0.40050237231370361
1.0,0.6100000000000001,4.6100000000000003,0.52349380224848663,0.4119342750072067
1.0,0.6100000000000001,4.71,0.44157894736842107,0.38500000000000001
1.0,0.6100000000000001,4.8100000000000005,0.4536414942219833,0.39989250201558724
1.0,0.6100000000000001,4.9100000000000001,0.4682926829268293,0.3878048780487805
1.0,0.71000000000000008,0.01,0.50581733566026754,0.36183827806864449
1.0,0.71000000000000008,0.11,0.49498997995991983,0.36243916404237048
1.0,0.71000000000000008,0.21000000000000002,0.49940262843488653,0.39874551971326166
1.0,0.71000000000000008,0.31000000000000005,0.52728926622195271,0.41479684657368104
1.0,0.71000000000000008,0.41000000000000003,0.49797921478060048,0.39636258660508084
1.0,0.71000000000000008,0.51000000000000001,0.47201747201747196,0.38957138957138954
1.0,0.71000000000000008,0.6100000000000001,0.48702763677382965,0.38917089678511002
1.0,0.71000000000000008,0.71000000000000008,0.45874934314240673,0.39201261166579082
1.0,0.71000000000000008,0.81000000000000005,0.5207732256203117,0.43162146566647441
1.0,0.71000000000000008,0.91000000000000003,0.46624638823220382,0.37536117677961645
1.0,0.71000000000000008,1.01,0.47403314917127071,0.3751381215469613
1.0,0.71000000000000008,1.1100000000000001,0.51738761662425792,0.37970031099802093
1.0,0.71000000000000008,1.2100000000000002,0.46177062374245476,0.35940643863179073
1.0,0.71000000000000008,1.3100000000000001,0.45666235446313064,0.38059508408796899
1.0,0.71000000000000008,1.4100000000000001,0.50191152375750958,0.38995084653194978
1.0,0.71000000000000008,1.51,0.55685039370078737,0.47370078740157479
1.0,0.71000000000000008,1.6100000000000001,0.48394180620367827,0.39363162228932197
1.0,0.71000000000000008,1.7100000000000002,0.52088100686498862,0.40760869565217389
1.0,0.71000000000000008,1.8100000000000001,0.55464566929133852,0.46425196850393702
1.0,0.71000000000000008,1.9100000000000001,0.5095828635851184,0.40304396843292001
1.0,0.71000000000000008,2.0099999999999998,0.49329446064139953,0.42623906705539361
1.0,0.71000000000000008,2.1099999999999999,0.50475391498881439,0.41247203579418346
1.0,0.71000000000000008,2.21,0.57506361323155208,0.4548346055979644
1.0,0.71000000000000008,2.3100000000000001,0.4120728361187328,0.36443003242703914
1.0,0.71000000000000008,2.4100000000000001,0.47511185682326618,0.41470917225950787
1.0,0.71000000000000008,2.5099999999999998,0.47445841133993039,0.39582776143353837
1.0,0.71000000000000008,2.6099999999999999,0.53798256537982569,0.46886674968866754
1.0,0.71000000000000008,2.71,0.51512651265126519,0.3952145214521452
1.0,0.71000000000000008,2.8100000000000001,0.50934033858727379,0.41039112667834216
1.0,0.71000000000000008,2.9100000000000001,0.50138274336283184,0.39905973451327437
1.0,0.71000000000000008,3.0099999999999998,0.52070263488080304,0.48462986198243413
1.0,0.71000000000000008,3.1099999999999999,0.5220443695591126,0.41392867172142656
1.0,0.71000000000000008,3.21,0.55374396135265702,0.42451690821256044
1.0,0.71000000000000008,3.3100000000000001,0.51414549653579678,0.43013856812933027
1.0,0.71000000000000008,3.4100000000000001,0.57859531772575257,0.48996655518394655
1.0,0.71000000000000008,3.5099999999999998,0.54295322531335988,0.46377254662182815
1.0,0.71000000000000008,3.6099999999999999,0.50618672665916753,0.42575928008998876
1.0,0.71000000000000008,3.71,0.480561555075594,0.38525917926565872
1.0,0.71000000000000008,3.8100000000000001,0.52922361151497521,0.41203838325094505
1.0,0.71000000000000008,3.9100000000000001,0.51642615904206324,0.4332207552962849
1.0,0.71000000000000008,4.0099999999999998,0.51740595171252113,0.41633913531723754
1.0,0.71000000000000008,4.1100000000000003,0.48573873359954362,0.41015402167712495
1.0,0.71000000000000008,4.21,0.52594627594627597,0.45238095238095244
1.0,0.71000000000000008,4.3099999999999996,0.52279455298993482,0.4141503848431024
1.0,0.71000000000000008,4.4100000000000001,0.50541310541310536,0.42279202279202277
1.0,0.71000000000000008,4.5099999999999998,0.54190795489180132,0.44285278878390727
1.0,0.71000000000000008,4.6100000000000003,0.43694632621156848,0.39265242313705051
1.0,0.71000000000000008,4.71,0.50277777777777777,0.41027777777777774
1.0,0.71000000000000008,4.8100000000000005,0.50781019746536993,0.43796050692602417
1.0,0.71000000000000008,4.9100000000000001,0.55150214592274682,0.45585530349478848
1.0,0.81000000000000005,0.01,0.51672397624257582,0.38199437324163804
1.0,0.81000000000000005,0.11,0.53694427050720095,0.40075140889167188
1.0,0.81000000000000005,0.21000000000000002,0.52190310414853491,0.37278793153466783
1.0,0.81000000000000005,0.31000000000000005,0.45510919385279042,0.35750876246966834
1.0,0.81000000000000005,0.41000000000000003,0.53989106055751368,0.45498237744312719
1.0,0.81000000000000005,0.51000000000000001,0.52765454007690027,0.40905057675244005
1.0,0.81000000000000005,0.6100000000000001,0.50964677945978043,0.43781537548233901
1.0,0.81000000000000005,0.71000000000000008,0.49240470048724561,0.40728002292920612
1.0,0.81000000000000005,0.81000000000000005,0.55548281505728314,0.46710310965630114
1.0,0.81000000000000005,0.91000000000000003,0.48183391003460213,0.42301038062283736
1.0,0.81000000000000005,1.01,0.50909624413145549,0.41079812206572774
1.0,0.81000000000000005,1.1100000000000001,0.4576538663861125,0.40741714886901625
1.0,0.81000000000000005,1.2100000000000002,0.5144130757800891,0.40802377414561669
1.0,0.81000000000000005,1.3100000000000001,0.52990181493603095,0.45432906872954476
1.0,0.81000000000000005,1.4100000000000001,0.4984016274338855,0.40133682069165943
1.0,0.81000000000000005,1.51,0.53182214472537059,0.42981691368788144
1.0,0.81000000000000005,1.6100000000000001,0.51739652069586073,0.42021595680863821
1.0,0.81000000000000005,1.7100000000000002,0.40609258815063565,0.3305349004557448
1.0,0.81000000000000005,1.8100000000000001,0.54355942750466701,0.4433727442439328
1.0,0.81000000000000005,1.9100000000000001,0.48796374964599259,0.41602945341263092
1.0,0.81000000000000005,2.0099999999999998,0.52777777777777779,0.47954822954822962
1.0,0.81000000000000005,2.1099999999999999,0.4878188592719977,0.41874462596732587
1.0,0.81000000000000005,2.21,0.54870715574263385,0.44076969332531574
1.0,0.81000000000000005,2.3100000000000001,0.56317804722399489,0.4658583280153159
1.0,0.81000000000000005,2.4100000000000001,0.53562259306803595,0.45892169448010273
1.0,0.81000000000000005,2.5099999999999998,0.55286343612334798,0.4792322215229704
1.0,0.81000000000000005,2.6099999999999999,0.53468749999999998,0.47749999999999998
1.0,0.81000000000000005,2.71,0.49887323943661976,0.41690140845070423
1.0,0.81000000000000005,2.8100000000000001,0.56685150955021557,0.45163277880468267
1.0,0.81000000000000005,2.9100000000000001,0.47485248665355428,0.39168305703849393
1.0,0.81000000000000005,3.0099999999999998,0.50295524908528011,0.40754292147481003
1.0,0.81000000000000005,3.1099999999999999,0.53712190650779101,0.45585090131377942
1.0,0.81000000000000005,3.21,0.53323170731707314,0.44725609756097567
1.0,0.81000000000000005,3.3100000000000001,0.5054818234275823,0.43537218695903063
1.0,0.81000000000000005,3.4100000000000001,0.5010124385305178,0.43997685854787388
1.0,0.81000000000000005,3.5099999999999998,0.57179161372299869,0.45806861499364676
1.0,0.81000000000000005,3.6099999999999999,0.53913043478260858,0.43913043478260866
1.0,0.81000000000000005,3.71,0.55133789670192901,0.42750466708151835
1.0,0.81000000000000005,3.8100000000000001,0.48117033603707987,0.43076477404403241
1.0,0.81000000000000005,3.9100000000000001,0.56371147124245313,0.44836352081347314
1.0,0.81000000000000005,4.0099999999999998,0.52727836329820221,0.4417234965902046
1.0,0.81000000000000005,4.1100000000000003,0.50238831132340533,0.41837594830008429
1.0,0.81000000000000005,4.21,0.47458973001588139,0.38856537850714662
1.0,0.81000000000000005,4.3099999999999996,0.52007411982705365,0.45243977764051879
1.0,0.81000000000000005,4.4100000000000001,0.56360655737704923,0.4642622950819672
1.0,0.81000000000000005,4.5099999999999998,0.60364145658263302,0.49579831932773111
1.0,0.81000000000000005,4.6100000000000003,0.54817275747508298,0.43702808819087891
1.0,0.81000000000000005,4.71,0.50196671709531016,0.46051437216338886
1.0,0.81000000000000005,4.8100000000000005,0.51019813519813528,0.42482517482517484
1.0,0.81000000000000005,4.9100000000000001,0.57291338582677165,0.47999999999999998
1.0,0.91000000000000003,0.01,0.573543611200515,0.40585774058577406
1.0,0.91000000000000003,0.11,0.56730769230769229,0.41410256410256413
1.0,0.91000000000000003,0.31000000000000005,0.50896471949103539,0.41266628108733372
1.0,0.91000000000000003,0.41000000000000003,0.54086317722681365,0.41995714722987448
1.0,0.91000000000000003,0.51000000000000001,0.52303860523038614,0.44707347447073476
1.0,0.91000000000000003,0.6100000000000001,0.62401832460732987,0.45909685863874344
1.0,0.91000000000000003,0.71000000000000008,0.55162241887905594,0.49098656178302197
1.0,0.91000000000000003,0.81000000000000005,0.56269592476489028,0.47210031347962383
1.0,0.91000000000000003,0.91000000000000003,0.57701000968679372,0.4698094930577979
1.0,0.91000000000000003,1.01,0.52853380158033358,0.42961662276851037
1.0,0.91000000000000003,1.1100000000000001,0.54047474132684115,0.45617772367620207
1.0,0.91000000000000003,1.2100000000000002,0.51842027704096671,0.43501326259946949
1.0,0.91000000000000003,1.3100000000000001,0.49632578077158612,0.44703000612369875
1.0,0.91000000000000003,1.4100000000000001,0.56831151393084933,0.47868412218865392
1.0,0.91000000000000003,1.51,0.52993217340017695,0.43526983190799179
1.0,0.91000000000000003,1.6100000000000001,0.59621877110060773,0.51519243754220123
1.0,0.91000000000000003,1.7100000000000002,0.5720053835800808,0.49663526244952894
1.0,0.91000000000000003,1.8100000000000001,0.54277743335399886,0.46001239925604465
1.0,0.91000000000000003,1.9100000000000001,0.52662897947039566,0.4397500743826242
1.0,0.91000000000000003,2.0099999999999998,0.55163483327937846,0.51311103917125278
1.0,0.91000000000000003,2.1099999999999999,0.47454175152749489,0.45533895839394828
1.0,0.91000000000000003,2.21,0.58581164807930608,0.46406443618339527
1.0,0.91000000000000003,2.3100000000000001,0.53807895554864771,0.44389182468138011
1.0,0.91000000000000003,2.4100000000000001,0.5120715350223547,0.43397913561847995
1.0,0.91000000000000003,2.5099999999999998,0.53855569155446759,0.49541003671970629
1.0,0.91000000000000003,2.6099999999999999,0.53980940670150623,0.44113126344912384
1.0,0.91000000000000003,2.71,0.53897128431681907,0.46513095613758282
1.0,0.91000000000000003,2.8100000000000001,0.51503990178023329,0.44720687538367099
1.0,0.91000000000000003,2.9100000000000001,0.53937500000000005,0.45937499999999998
1.0,0.91000000000000003,3.0099999999999998,0.56488294314381271,0.49397993311036792
1.0,0.91000000000000003,3.1099999999999999,0.5196629213483146,0.45474406991260924
1.0,0.91000000000000003,3.21,0.58033419023136246,0.44890745501285345
1.0,0.91000000000000003,3.3100000000000001,0.50851508813863167,0.45085150881386316
1.0,0.91000000000000003,3.4100000000000001,0.50487156775907893,0.43401240035429584
1.0,0.91000000000000003,3.5099999999999998,0.56688102893890668,0.47942122186495173
1.0,0.91000000000000003,3.6099999999999999,0.54019701302828094,0.484588496981252
1.0,0.91000000000000003,3.71,0.53280091272104957,0.41614375356531658
1.0,0.91000000000000003,3.8100000000000001,0.47722222222222221,0.41444444444444445
1.0,0.91000000000000003,3.9100000000000001,0.52238805970149249,0.46935535090504921
1.0,0.91000000000000003,4.0099999999999998,0.5148070595273706,0.44540831588393659
1.0,0.91000000000000003,4.1100000000000003,0.51592920353982297,0.42772861356932157
1.0,0.91000000000000003,4.21,0.59884652355014423,0.47869272669016338
1.0,0.91000000000000003,4.3099999999999996,0.56800252445566424,0.45692647522877877
1.0,0.91000000000000003,4.4100000000000001,0.57726692209450825,0.44827586206896547
1.0,0.91000000000000003,4.5099999999999998,0.5502045955303746,0.48284545168397858
1.0,0.91000000000000003,4.6100000000000003,0.58490566037735858,0.48178269355888098
1.0,0.91000000000000003,4.71,0.54125736738703345,0.49345121152586774
1.0,0.91000000000000003,4.8100000000000005,0.57932850559578675,0.4937458854509546
1.0,0.91000000000000003,4.9100000000000001,0.52864830642608418,0.49287749287749288
